A10C	1
A10E	1
A10F	1
A10G	1
A10H	1
A10K	1
A10L	0.999
A10P	1
A10Q	1
A10R	1
A10S	1
A10Y	1
A106C	0.963
A106E	0.002
A106F	0.005
A106G	0
A106H	0.062
A106K	0.028
A106L	0.137
A106P	0.392
A106Q	0.028
A106R	0.01
A106S	0.002
A106Y	0.358
A109C	0.987
A109E	0.108
A109F	0.927
A109G	0.086
A109H	0.204
A109K	0.643
A109L	0.101
A109P	0.954
A109Q	0.245
A109R	0.101
A109S	0.006
A109Y	0.962
A110C	0.765
A110E	0.998
A110F	1
A110G	0.996
A110H	1
A110K	0.993
A110L	0.996
A110P	0.999
A110Q	0.998
A110R	0.933
A110S	0.759
A110Y	1
A116C	0.998
A116E	0.963
A116F	0.995
A116G	0.79
A116H	0.998
A116K	0.963
A116L	0.93
A116P	0.982
A116Q	0.963
A116R	0.963
A116S	0.091
A116Y	0.998
A13C	1
A13E	1
A13F	1
A13G	0.869
A13H	1
A13K	1
A13L	1
A13P	1
A13Q	1
A13R	1
A13S	1
A13Y	1
A133C	1
A133E	1
A133F	1
A133G	0.999
A133H	1
A133K	1
A133L	0.999
A133P	1
A133Q	1
A133R	1
A133S	0.988
A133Y	1
A135C	0.966
A135E	0.001
A135F	0.548
A135G	0.125
A135H	0
A135K	0.001
A135L	0
A135P	0.002
A135Q	0.006
A135R	0.002
A135S	0.013
A135Y	0.548
A138C	0.98
A138E	0.003
A138F	0.674
A138G	0.228
A138H	0.092
A138K	0.051
A138L	0.018
A138P	0.808
A138Q	0.01
A138R	0.018
A138S	0.018
A138Y	0.674
A139C	0.653
A139E	0
A139F	0.08
A139G	0.008
A139H	0.653
A139K	0.015
A139L	0
A139P	0.15
A139Q	0
A139R	0.035
A139S	0
A139Y	0.15
A145C	0
A145E	0.241
A145F	0.004
A145G	0.001
A145H	0.963
A145K	0.241
A145L	0.001
A145P	0.873
A145Q	0.062
A145R	0.527
A145S	0.241
A145Y	0.527
A176C	0.963
A176E	0
A176F	0.693
A176G	0.116
A176H	0.005
A176K	0.062
A176L	0.241
A176P	0.392
A176Q	0.01
A176R	0.028
A176S	0.005
A176Y	0.358
A183C	1
A183E	0.998
A183F	0.995
A183G	0.037
A183H	1
A183K	0.995
A183L	0.724
A183P	0.998
A183Q	0.998
A183R	0.998
A183S	0.995
A183Y	1
A186C	0.012
A186E	0.715
A186F	0.836
A186G	0.005
A186H	0.95
A186K	0.715
A186L	0.263
A186P	0.836
A186Q	0.715
A186R	0.715
A186S	0.004
A186Y	0.939
A194C	1
A194E	0.999
A194F	1
A194G	0.999
A194H	1
A194K	0.999
A194L	1
A194P	1
A194Q	1
A194R	1
A194S	0.94
A194Y	1
A199C	0.993
A199E	0.009
A199F	0.923
A199G	0.012
A199H	0.973
A199K	0.062
A199L	0.458
A199P	0.973
A199Q	0.027
A199R	0.458
A199S	0.062
A199Y	0.973
A214C	0.005
A214E	0.241
A214F	0.062
A214G	0.001
A214H	0.963
A214K	0.358
A214L	0.137
A214P	0.873
A214Q	0.693
A214R	0.022
A214S	0.012
A214Y	0.062
A222C	1
A222E	1
A222F	1
A222G	0.999
A222H	1
A222K	1
A222L	1
A222P	1
A222Q	1
A222R	1
A222S	0.988
A222Y	1
A241C	1
A241E	1
A241F	1
A241G	0.966
A241H	1
A241K	1
A241L	1
A241P	1
A241Q	1
A241R	1
A241S	1
A241Y	1
A245C	1
A245E	1
A245F	1
A245G	0.556
A245H	1
A245K	1
A245L	0.999
A245P	1
A245Q	1
A245R	1
A245S	0.999
A245Y	1
A250C	1
A250E	1
A250F	1
A250G	1
A250H	1
A250K	1
A250L	1
A250P	1
A250Q	1
A250R	1
A250S	1
A250Y	1
A253C	0.996
A253E	0.953
A253F	0.909
A253G	0.852
A253H	0.996
A253K	0.953
A253L	0.081
A253P	0.984
A253Q	0.984
A253R	0.953
A253S	0.953
A253Y	0.984
A256C	1
A256E	1
A256F	1
A256G	1
A256H	1
A256K	1
A256L	1
A256P	1
A256Q	1
A256R	1
A256S	1
A256Y	1
A266C	0.801
A266E	0
A266F	0.395
A266G	0
A266H	0.569
A266K	0.007
A266L	0.013
A266P	0.274
A266Q	0
A266R	0.002
A266S	0.007
A266Y	0.569
A27C	0.999
A27E	0.991
A27F	0.999
A27G	0.942
A27H	0.999
A27K	0.983
A27L	0.991
A27P	0.049
A27Q	0.991
A27R	0.991
A27S	0.211
A27Y	0.999
A312C	0.965
A312E	0.005
A312F	0.544
A312G	0.001
A312H	0.001
A312K	0.013
A312L	0.005
A312P	0.001
A312Q	0.013
A312R	0.254
A312S	0.002
A312Y	0.544
A32C	0.993
A32E	0.003
A32F	0.923
A32G	0.628
A32H	0.993
A32K	0.628
A32L	0.05
A32P	0.002
A32Q	0.258
A32R	0.855
A32S	0.062
A32Y	0.973
A40C	0.98
A40E	0.008
A40F	0.808
A40G	0.004
A40H	0.04
A40K	0.022
A40L	0.018
A40P	0.808
A40Q	0.01
A40R	0.008
A40S	0.051
A40Y	0.808
A41C	1
A41E	1
A41F	1
A41G	0.999
A41H	1
A41K	1
A41L	1
A41P	1
A41Q	1
A41R	1
A41S	0.988
A41Y	1
A43C	0.998
A43E	0.093
A43F	0.982
A43G	0.885
A43H	0.998
A43K	0.23
A43L	0.793
A43P	0.994
A43Q	0.409
A43R	0.613
A43S	0.793
A43Y	0.994
A53C	1
A53E	1
A53F	1
A53G	1
A53H	1
A53K	1
A53L	1
A53P	1
A53Q	1
A53R	1
A53S	1
A53Y	1
A57C	1
A57E	0.998
A57F	1
A57G	0.852
A57H	1
A57K	0.998
A57L	0.993
A57P	0.999
A57Q	1
A57R	0.999
A57S	0.879
A57Y	1
A67C	0.983
A67E	0.836
A67F	0.715
A67G	0.592
A67H	0.983
A67K	0.836
A67L	0.129
A67P	0.939
A67Q	0.939
A67R	0.836
A67S	0.592
A67Y	0.836
A72C	1
A72E	0.99
A72F	0.999
A72G	0.675
A72H	1
A72K	0.99
A72L	0.858
A72P	0.995
A72Q	0.995
A72R	0.995
A72S	0.532
A72Y	1
A75C	1
A75E	1
A75F	1
A75G	0.843
A75H	1
A75K	1
A75L	1
A75P	1
A75Q	1
A75R	1
A75S	1
A75Y	1
A81C	0.999
A81E	0.981
A81F	0.999
A81G	0.935
A81H	0.999
A81K	0.981
A81L	0.981
A81P	0.99
A81Q	0.99
A81R	0.878
A81S	0.191
A81Y	0.999
A82C	1
A82E	0.998
A82F	1
A82G	0.52
A82H	1
A82K	0.998
A82L	0.998
A82P	0.999
A82Q	1
A82R	0.998
A82S	0.879
A82Y	1
A87C	1
A87E	1
A87F	1
A87G	1
A87H	1
A87K	1
A87L	1
A87P	1
A87Q	1
A87R	1
A87S	0.995
A87Y	1
A92C	0.993
A92E	0.774
A92F	0.001
A92G	0.912
A92H	0.132
A92K	0.774
A92L	0.022
A92P	0.973
A92Q	0.973
A92R	0.973
A92S	0.774
A92Y	0.003
C107A	0.019
C107E	0.96
C107F	0.235
C107G	0.773
C107H	0.996
C107K	0.874
C107L	0.006
C107P	0.987
C107Q	0.987
C107R	0.987
C107S	0.773
C107Y	0.923
C140A	0.001
C140E	0.371
C140F	0.022
C140G	0.228
C140H	0.808
C140K	0.371
C140L	0.196
C140P	0.808
C140Q	0.808
C140R	0.808
C140S	0.109
C140Y	0.022
C281A	0.068
C281E	0.54
C281F	0
C281G	0.144
C281H	0.483
C281K	0.279
C281L	0.018
C281P	0.74
C281Q	0.74
C281R	0.74
C281S	0.144
C281Y	0.001
D129A	0.022
D129C	0.98
D129E	0
D129F	0.808
D129G	0.002
D129H	0.808
D129K	0.022
D129L	0.022
D129P	0.545
D129Q	0.228
D129R	0.228
D129S	0.01
D129Y	0.927
D130A	0
D130C	0.653
D130E	0
D130F	0.349
D130G	0.007
D130H	0.382
D130K	0
D130L	0.015
D130P	0
D130Q	0.001
D130R	0.003
D130S	0
D130Y	0.349
D132A	0
D132C	0.903
D132E	0.001
D132F	0.378
D132G	0.067
D132H	0.011
D132K	0.067
D132L	0.067
D132P	0.412
D132Q	0.006
D132R	0.005
D132S	0.013
D132Y	0.024
D149A	1
D149C	1
D149E	1
D149F	1
D149G	1
D149H	1
D149K	1
D149L	1
D149P	1
D149Q	1
D149R	1
D149S	1
D149Y	1
D152A	0.022
D152C	0.98
D152E	0.001
D152F	0.927
D152G	0.196
D152H	0.808
D152K	0.109
D152L	0.228
D152P	0
D152Q	0.228
D152R	0.018
D152S	0.01
D152Y	0.927
D165A	0.022
D165C	0.023
D165E	0.001
D165F	0.808
D165G	0.371
D165H	0.04
D165K	0.228
D165L	0.008
D165P	0.808
D165Q	0.01
D165R	0.674
D165S	0.022
D165Y	0.674
D219A	0.993
D219C	1
D219E	0.852
D219F	1
D219G	0.996
D219H	1
D219K	0.996
D219L	0.998
D219P	0.999
D219Q	0.996
D219R	0.998
D219S	0.943
D219Y	1
D247A	1
D247C	1
D247E	1
D247F	1
D247G	1
D247H	1
D247K	1
D247L	1
D247P	1
D247Q	1
D247R	1
D247S	1
D247Y	1
D267A	0.255
D267C	0.997
D267E	0.021
D267F	0.988
D267G	0.791
D267H	0.964
D267K	0.129
D267L	0.791
D267P	0.988
D267Q	0.059
D267R	0.869
D267S	0.255
D267Y	0.988
D274A	1
D274C	1
D274E	1
D274F	1
D274G	1
D274H	1
D274K	1
D274L	1
D274P	1
D274Q	1
D274R	1
D274S	1
D274Y	1
D275A	0.999
D275C	1
D275E	1
D275F	1
D275G	0.556
D275H	1
D275K	1
D275L	1
D275P	1
D275Q	1
D275R	1
D275S	1
D275Y	1
D278A	0.999
D278C	1
D278E	0.925
D278F	1
D278G	0.869
D278H	1
D278K	0.999
D278L	1
D278P	1
D278Q	0.999
D278R	1
D278S	0.999
D278Y	1
D292A	0.348
D292C	0.998
D292E	0.963
D292F	0.998
D292G	0.93
D292H	0.995
D292K	0.963
D292L	0.963
D292P	0.994
D292Q	0.963
D292R	0.99
D292S	0.608
D292Y	0.998
D302A	0.022
D302C	0.98
D302E	0
D302F	0.674
D302G	0.196
D302H	0.04
D302K	0.022
D302L	0.003
D302P	0.545
D302Q	0.228
D302R	0.008
D302S	0.01
D302Y	0.808
D8A	0.999
D8C	1
D8E	0.966
D8F	1
D8G	1
D8H	1
D8K	0.999
D8L	1
D8P	1
D8Q	1
D8R	1
D8S	0.999
D8Y	1
D88A	0.001
D88C	0.909
D88E	0.008
D88F	0.483
D88G	0
D88H	0.001
D88K	0.003
D88L	0.04
D88P	0.279
D88Q	0.16
D88R	0.003
D88S	0.003
D88Y	0.483
E100A	0.027
E100C	0.993
E100F	0.973
E100G	0.022
E100H	0.923
E100K	0.132
E100L	0.628
E100P	0.973
E100Q	0.628
E100R	0.05
E100S	0.027
E100Y	0.973
E105A	0.001
E105C	0.938
E105F	0.246
E105G	0.001
E105H	0.002
E105K	0.002
E105L	0.002
E105P	0.001
E105Q	0.003
E105R	0.085
E105S	0.007
E105Y	0.013
E11A	0
E11C	0.569
E11F	0.157
E11G	0.016
E11H	0.569
E11K	0.001
E11L	0
E11P	0.274
E11Q	0.001
E11R	0
E11S	0.016
E11Y	0.535
E137A	0
E137C	0.15
E137F	0.003
E137G	0
E137H	0
E137K	0
E137L	0
E137P	0.014
E137Q	0
E137R	0
E137S	0
E137Y	0
E164A	0
E164C	0.833
E164F	0.002
E164G	0
E164H	0.001
E164K	0.003
E164L	0.002
E164P	0.274
E164Q	0.016
E164R	0.001
E164S	0.007
E164Y	0.016
E172A	0.044
E172C	0.996
E172F	0.987
E172G	0.773
E172H	0.987
E172K	0.117
E172L	0.773
E172P	0.987
E172Q	0.235
E172R	0.096
E172S	0.117
E172Y	0.987
E215A	0.002
E215C	0.882
E215F	0.257
E215G	0.125
E215H	0.711
E215K	0.067
E215L	0.001
E215P	0.681
E215Q	0.006
E215R	0.257
E215S	0.013
E215Y	0.013
E217A	0.41
E217C	0.027
E217F	0.005
E217G	0.774
E217H	0.001
E217K	0.258
E217L	0.258
E217P	0.973
E217Q	0.062
E217R	0.022
E217S	0.062
E217Y	0.009
E235A	0.001
E235C	0.938
E235F	0.569
E235G	0
E235H	0.003
E235K	0.003
E235L	0.002
E235P	0.274
E235Q	0.003
E235R	0.002
E235S	0
E235Y	0.395
E259A	0.996
E259C	1
E259F	0.998
E259G	0.998
E259H	1
E259K	0.996
E259L	0.996
E259P	0.999
E259Q	0.759
E259R	0.996
E259S	0.996
E259Y	0.976
E277A	0.006
E277C	0.996
E277F	0.857
E277G	0.585
E277H	0.96
E277K	0.413
E277L	0.413
E277P	0.011
E277Q	0.117
E277R	0.096
E277S	0.413
E277Y	0.044
E36A	0.004
E36C	0.013
E36F	0.527
E36G	0.241
E36H	0.022
E36K	0.012
E36L	0.004
E36P	0.693
E36Q	0.01
E36R	0.01
E36S	0.012
E36Y	0.527
E39A	0.885
E39C	0.998
E39F	0.353
E39G	0.982
E39H	0.995
E39K	0.793
E39L	0.023
E39P	0.994
E39Q	0.613
E39R	0.353
E39S	0.885
E39Y	0.964
E44A	0
E44C	0.711
E44F	0.711
E44G	0.067
E44H	0.024
E44K	0.006
E44L	0.002
E44P	0.412
E44Q	0.002
E44R	0.257
E44S	0.067
E44Y	0.711
F147A	1
F147C	1
F147E	1
F147G	1
F147H	1
F147K	1
F147L	1
F147P	1
F147Q	1
F147R	1
F147S	1
F147Y	1
F161A	0.858
F161C	0.834
F161E	0.998
F161G	0.475
F161H	0.999
F161K	0.998
F161L	0.967
F161P	1
F161Q	1
F161R	1
F161S	0.99
F161Y	0.475
F226A	0.453
F226C	0.955
F226E	0.859
F226G	0.716
F226H	0.776
F226K	0.667
F226L	0.151
F226P	0.955
F226Q	0.955
F226R	0.875
F226S	0.667
F226Y	0.002
F293A	0.998
F293C	1
F293E	1
F293G	0.999
F293H	1
F293K	0.999
F293L	0.52
F293P	1
F293Q	1
F293R	1
F293S	0.999
F293Y	0.999
G103A	0.027
G103C	0.993
G103E	0.258
G103F	0.973
G103H	0.258
G103K	0.628
G103L	0.458
G103P	0.774
G103Q	0.132
G103R	0.628
G103S	0.009
G103Y	0.923
G121A	0.281
G121C	0.834
G121E	0.99
G121F	0.675
G121H	1
G121K	0.858
G121L	0.99
G121P	0.998
G121Q	0.995
G121R	0.834
G121S	0.858
G121Y	0.99
G14A	1
G14C	1
G14E	0.999
G14F	1
G14H	1
G14K	0.988
G14L	1
G14P	1
G14Q	1
G14R	0.986
G14S	1
G14Y	1
G166A	1
G166C	1
G166E	1
G166F	1
G166H	1
G166K	1
G166L	1
G166P	1
G166Q	1
G166R	1
G166S	1
G166Y	1
G170A	0.001
G170C	0.022
G170E	0.823
G170F	0.904
G170H	0.991
G170K	0.823
G170L	0.399
G170P	0.904
G170Q	0.904
G170R	0.904
G170S	0.021
G170Y	0.966
G178A	0.999
G178C	0.996
G178E	0.986
G178F	1
G178H	1
G178K	0.995
G178L	1
G178P	1
G178Q	0.995
G178R	0.999
G178S	0.999
G178Y	1
G187A	1
G187C	1
G187E	1
G187F	1
G187H	1
G187K	1
G187L	1
G187P	1
G187Q	1
G187R	1
G187S	1
G187Y	1
G200A	0.017
G200C	0.022
G200E	0.215
G200F	0.904
G200H	0.991
G200K	0.823
G200L	0.399
G200P	0.904
G200Q	0.904
G200R	0.904
G200S	0.021
G200Y	0.966
G218A	1
G218C	1
G218E	1
G218F	1
G218H	1
G218K	1
G218L	1
G218P	1
G218Q	1
G218R	1
G218S	1
G218Y	1
G225A	0.995
G225C	1
G225E	1
G225F	1
G225H	1
G225K	1
G225L	1
G225P	1
G225Q	1
G225R	1
G225S	0.999
G225Y	1
G236A	0.003
G236C	0.993
G236E	0.41
G236F	0.973
G236H	0.05
G236K	0.062
G236L	0.628
G236P	0.005
G236Q	0.062
G236R	0.05
G236S	0.027
G236Y	0.855
G252A	1
G252C	1
G252E	1
G252F	1
G252H	1
G252K	1
G252L	1
G252P	1
G252Q	1
G252R	1
G252S	1
G252Y	1
G261A	0.983
G261C	1
G261E	0.981
G261F	1
G261H	0.834
G261K	0.99
G261L	0.995
G261P	0.998
G261Q	0.724
G261R	0.99
G261S	0.967
G261Y	0.997
G265A	0
G265C	0.895
G265E	0.116
G265F	0.693
G265H	0.873
G265K	0.116
G265L	0.137
G265P	0
G265Q	0.392
G265R	0.392
G265S	0.012
G265Y	0.873
G272A	1
G272C	1
G272E	1
G272F	1
G272H	1
G272K	1
G272L	1
G272P	1
G272Q	1
G272R	1
G272S	1
G272Y	1
G297A	0.999
G297C	1
G297E	1
G297F	1
G297H	1
G297K	1
G297L	1
G297P	1
G297Q	1
G297R	1
G297S	0.995
G297Y	1
G310A	0.04
G310C	0.996
G310E	0.04
G310F	0.956
G310H	0.01
G310K	0.107
G310L	0.755
G310P	0.985
G310Q	0.218
G310R	0.04
G310S	0.107
G310Y	0.915
G315A	0.001
G315C	0.865
G315E	0.011
G315F	0.004
G315H	0.678
G315K	0.011
G315L	0.001
G315P	0.001
G315Q	0.009
G315R	0.004
G315S	0.002
G315Y	0.009
G58A	1
G58C	1
G58E	0.999
G58F	1
G58H	1
G58K	0.999
G58L	1
G58P	1
G58Q	1
G58R	0.925
G58S	1
G58Y	1
G65A	1
G65C	1
G65E	1
G65F	1
G65H	1
G65K	1
G65L	1
G65P	1
G65Q	1
G65R	1
G65S	1
G65Y	1
G91A	0.961
G91C	0.999
G91E	0.98
G91F	0.997
G91H	0.999
G91K	0.961
G91L	0.961
G91P	0.99
G91Q	0.875
G91R	0.706
G91S	0.875
G91Y	0.999
H112A	0.018
H112C	0.909
H112E	0.018
H112F	0.483
H112G	0.035
H112K	0.008
H112L	0.04
H112P	0.54
H112Q	0.003
H112R	0.003
H112S	0.003
H112Y	0.74
H163A	0.009
H163C	0.993
H163E	0.774
H163F	0.748
H163G	0.41
H163K	0.628
H163L	0.628
H163P	0.001
H163Q	0.923
H163R	0.923
H163S	0.062
H163Y	0.132
H173A	0.995
H173C	1
H173E	0.998
H173F	0.675
H173G	0.998
H173K	0.998
H173L	0.281
H173P	0.998
H173Q	0.998
H173R	0.998
H173S	0.998
H173Y	0.475
H179A	0.998
H179C	1
H179E	0.998
H179F	1
H179G	0.999
H179K	0.943
H179L	0.998
H179P	0.999
H179Q	0.998
H179R	0.879
H179S	0.998
H179Y	0.999
H202A	0.012
H202C	0.778
H202E	0.006
H202F	0.062
H202G	0.056
H202K	0
H202L	0
H202P	0.292
H202Q	0.001
H202R	0
H202S	0.012
H202Y	0.292
H29A	0.413
H29C	0.996
H29E	0.413
H29F	0.96
H29G	0.585
H29K	0.053
H29L	0.413
H29P	0.987
H29Q	0.117
H29R	0.631
H29S	0.117
H29Y	0.987
H74A	0.998
H74C	1
H74E	0.999
H74F	0.996
H74G	0.999
H74K	0.998
H74L	0.852
H74P	1
H74Q	0.999
H74R	0.999
H74S	0.998
H74Y	0.999
I123A	0.976
I123C	1
I123E	0.999
I123F	0.993
I123G	0.999
I123H	1
I123K	0.999
I123L	0.05
I123P	1
I123Q	1
I123R	1
I123S	0.999
I123Y	0.999
I124A	0.967
I124C	1
I124E	0.998
I124F	0.995
I124G	0.998
I124H	1
I124K	0.998
I124L	0.532
I124P	0.998
I124Q	1
I124R	1
I124S	0.995
I124Y	0.998
I134A	0
I134C	0.778
I134E	0
I134F	0.139
I134G	0.028
I134H	0.778
I134K	0.028
I134L	0
I134P	0.119
I134Q	0.001
I134R	0.062
I134S	0.003
I134Y	0.247
I156A	0
I156C	0.801
I156E	0.274
I156F	0.157
I156G	0.071
I156H	0.801
I156K	0.274
I156L	0
I156P	0.535
I156Q	0.801
I156R	0.569
I156S	0.071
I156Y	0.157
I159A	0.062
I159C	0.001
I159E	0.693
I159F	0.527
I159G	0.693
I159H	0.963
I159K	0.693
I159L	0
I159P	0.873
I159Q	0.873
I159R	0.693
I159S	0.392
I159Y	0.693
I160A	0.002
I160C	0
I160E	0.067
I160F	0.257
I160G	0
I160H	0.03
I160K	0.067
I160L	0
I160P	0.681
I160Q	0.006
I160R	0.005
I160S	0.002
I160Y	0.412
I182A	0.999
I182C	1
I182E	0.999
I182F	0.313
I182G	0.999
I182H	1
I182K	0.999
I182L	0.879
I182P	1
I182Q	1
I182R	1
I182S	0.999
I182Y	0.996
I210A	0.116
I210C	0.005
I210E	0.241
I210F	0.527
I210G	0.392
I210H	0.895
I210K	0.028
I210L	0
I210P	0.873
I210Q	0.527
I210R	0.002
I210S	0.012
I210Y	0.693
I213A	0
I213C	0
I213E	0.003
I213F	0
I213G	0.007
I213H	0
I213K	0.015
I213L	0
I213P	0.181
I213Q	0
I213R	0.035
I213S	0
I213Y	0.018
I237A	0
I237C	0.569
I237E	0.002
I237F	0.157
I237G	0.037
I237H	0.016
I237K	0.037
I237L	0
I237P	0
I237Q	0.016
I237R	0.002
I237S	0.037
I237Y	0.274
I257A	0.233
I257C	0.005
I257E	0.973
I257F	0.022
I257G	0.774
I257H	0.993
I257K	0.912
I257L	0.001
I257P	0.973
I257Q	0.973
I257R	0.973
I257S	0.774
I257Y	0.628
I268A	0.596
I268C	0.999
I268E	0.983
I268F	0.983
I268G	0.983
I268H	0.999
I268K	0.772
I268L	0.106
I268P	0.997
I268Q	0.991
I268R	0.966
I268S	0.983
I268Y	0.997
I283A	0.037
I283C	0.955
I283E	0.082
I283F	0.003
I283G	0.151
I283H	0.002
I283K	0.169
I283L	0.082
I283P	0.859
I283Q	0.005
I283R	0.29
I283S	0.005
I283Y	0.006
I289A	0.739
I289C	0.996
I289E	0.984
I289F	0.909
I289G	0.953
I289H	0.996
I289K	0.953
I289L	0.009
I289P	0.984
I289Q	0.984
I289R	0.953
I289S	0.953
I289Y	0.953
I48A	0.61
I48C	0.997
I48E	0.964
I48F	0.964
I48G	0.885
I48H	0.997
I48K	0.964
I48L	0.255
I48P	0.988
I48Q	0.988
I48R	0.964
I48S	0.655
I48Y	0.988
I64A	0.791
I64C	0.997
I64E	0.988
I64F	0.212
I64G	0.988
I64H	0.997
I64K	0.988
I64L	0.002
I64P	0.988
I64Q	0.988
I64R	0.988
I64S	0.988
I64Y	0.93
I79A	0.996
I79C	1
I79E	0.999
I79F	0.976
I79G	0.999
I79H	1
I79K	0.998
I79L	0.879
I79P	1
I79Q	1
I79R	1
I79S	0.998
I79Y	0.996
I83A	0.935
I83C	0.999
I83E	0.997
I83F	0.713
I83G	0.99
I83H	0.999
I83K	0.99
I83L	0.749
I83P	0.997
I83Q	0.997
I83R	0.997
I83S	0.99
I83Y	0.981
K108A	0.006
K108C	0.955
K108E	0.006
K108F	0.955
K108G	0.151
K108H	0.875
K108L	0.082
K108P	0.859
K108Q	0.005
K108R	0
K108S	0.151
K108Y	0.859
K2A	0.999
K2C	1
K2E	0.999
K2F	1
K2G	0.999
K2H	1
K2L	0.999
K2P	1
K2Q	0.999
K2R	0.664
K2S	0.999
K2Y	1
K203A	0.006
K203C	0.988
K203E	0.002
K203F	0.955
K203G	0.29
K203H	0.169
K203L	0.29
K203P	0.859
K203Q	0.005
K203R	0.013
K203S	0.037
K203Y	0.875
K290A	0.012
K290C	0.963
K290E	0.012
K290F	0.873
K290G	0.116
K290H	0.693
K290L	0.241
K290P	0.873
K290Q	0.241
K290R	0
K290S	0.005
K290Y	0.873
K314A	0
K314C	0
K314E	0
K314F	0
K314G	0.006
K314H	0.002
K314L	0
K314P	0
K314Q	0.003
K314R	0
K314S	0
K314Y	0.003
K325A	0
K325C	0.775
K325E	0
K325F	0.117
K325G	0.028
K325H	0.531
K325L	0
K325P	0
K325Q	0.001
K325R	0.032
K325S	0.001
K325Y	0.288
K327A	0.008
K327C	0.981
K327E	0.004
K327F	0.818
K327G	0.207
K327H	0.001
K327L	0.388
K327P	0.562
K327Q	0.001
K327R	0.008
K327S	0.024
K327Y	0.689
K33A	0.001
K33C	0.98
K33E	0.01
K33F	0.927
K33G	0.196
K33H	0.808
K33L	0.196
K33P	0.785
K33Q	0.051
K33R	0
K33S	0.01
K33Y	0.927
K37A	0.998
K37C	1
K37E	0.996
K37F	1
K37G	0.996
K37H	1
K37L	0.998
K37P	0.999
K37Q	0.976
K37R	0.52
K37S	0.996
K37Y	1
K59A	0.759
K59C	1
K59E	0.996
K59F	1
K59G	0.996
K59H	1
K59L	0.998
K59P	0.999
K59Q	0.996
K59R	0.852
K59S	0.996
K59Y	1
K84A	0.996
K84C	1
K84E	0.976
K84F	1
K84G	0.998
K84H	0.976
K84L	0.998
K84P	0.999
K84Q	0.879
K84R	0.879
K84S	0.996
K84Y	1
L114A	1
L114C	1
L114E	1
L114F	0.966
L114G	1
L114H	1
L114K	1
L114P	1
L114Q	1
L114R	1
L114S	1
L114Y	0.999
L115A	0.791
L115C	0.997
L115E	0.655
L115F	0.93
L115G	0.964
L115H	0.99
L115K	0.059
L115P	0.988
L115Q	0.439
L115R	0.105
L115S	0.93
L115Y	0.988
L122A	0.107
L122C	0.991
L122E	0.904
L122F	0.823
L122G	0.823
L122H	0.991
L122K	0.904
L122P	0.966
L122Q	0.966
L122R	0.966
L122S	0.823
L122Y	0.966
L128A	0.999
L128C	1
L128E	0.999
L128F	1
L128G	1
L128H	1
L128K	0.999
L128P	1
L128Q	0.999
L128R	1
L128S	0.999
L128Y	1
L146A	0.996
L146C	1
L146E	0.999
L146F	0.998
L146G	0.999
L146H	1
L146K	0.999
L146P	1
L146Q	1
L146R	1
L146S	0.999
L146Y	1
L148A	0.996
L148C	1
L148E	1
L148F	0.765
L148G	0.999
L148H	1
L148K	0.998
L148P	1
L148Q	1
L148R	1
L148S	0.998
L148Y	0.998
L169A	0.021
L169C	0.997
L169E	0.255
L169F	0.988
L169G	0.791
L169H	0.99
L169K	0.255
L169P	0.988
L169Q	0.059
L169R	0.93
L169S	0.255
L169Y	0.988
L174A	1
L174C	1
L174E	1
L174F	1
L174G	1
L174H	1
L174K	1
L174P	1
L174Q	1
L174R	1
L174S	1
L174Y	1
L177A	0.604
L177C	0.992
L177E	0.842
L177F	0.058
L177G	0.025
L177H	0.025
L177K	0.728
L177P	0.971
L177Q	0.433
L177R	0.208
L177S	0.239
L177Y	0.728
L184A	0.993
L184C	0.96
L184E	1
L184F	0.739
L184G	0.999
L184H	1
L184K	0.999
L184P	1
L184Q	1
L184R	1
L184S	0.996
L184Y	0.993
L185A	1
L185C	1
L185E	1
L185F	1
L185G	1
L185H	1
L185K	1
L185P	1
L185Q	1
L185R	1
L185S	1
L185Y	1
L189A	0
L189C	0.569
L189E	0
L189F	0.274
L189G	0.037
L189H	0.001
L189K	0
L189P	0.274
L189Q	0.001
L189R	0.001
L189S	0.016
L189Y	0.085
L196A	0.475
L196C	1
L196E	0.981
L196F	0.995
L196G	0.99
L196H	1
L196K	0.99
L196P	0.998
L196Q	0.858
L196R	0.99
L196S	0.858
L196Y	0.998
L198A	0.417
L198C	0.012
L198E	0.048
L198F	0.048
L198G	0.715
L198H	0.005
L198K	0.556
L198P	0.939
L198Q	0.715
L198R	0.048
L198S	0.715
L198Y	0.009
L205A	1
L205C	1
L205E	1
L205F	1
L205G	1
L205H	1
L205K	1
L205P	1
L205Q	1
L205R	1
L205S	1
L205Y	1
L233A	0.998
L233C	1
L233E	0.999
L233F	0.852
L233G	0.999
L233H	1
L233K	0.999
L233P	1
L233Q	1
L233R	1
L233S	0.999
L233Y	0.996
L243A	0.852
L243C	1
L243E	0.998
L243F	0.998
L243G	0.996
L243H	1
L243K	0.998
L243P	1
L243Q	1
L243R	1
L243S	0.993
L243Y	1
L251A	1
L251C	1
L251E	1
L251F	0.986
L251G	1
L251H	1
L251K	1
L251P	1
L251Q	1
L251R	1
L251S	1
L251Y	1
L262A	0.885
L262C	0.998
L262E	0.964
L262F	0.982
L262G	0.982
L262H	0.998
L262K	0.409
L262P	0.994
L262Q	0.982
L262R	0.192
L262S	0.982
L262Y	0.994
L286A	1
L286C	1
L286E	1
L286F	1
L286G	1
L286H	1
L286K	1
L286P	1
L286Q	1
L286R	1
L286S	1
L286Y	1
L295A	0.57
L295C	0.991
L295E	0.017
L295F	0.086
L295G	0.823
L295H	0.186
L295K	0.399
L295P	0.904
L295Q	0.017
L295R	0.022
L295S	0.57
L295Y	0.086
L296A	0.475
L296C	1
L296E	0.981
L296F	0.995
L296G	0.99
L296H	1
L296K	0.99
L296P	0.998
L296Q	0.858
L296R	0.99
L296S	0.981
L296Y	0.998
L304A	0.313
L304C	0.998
L304E	0.991
L304F	0.947
L304G	0.947
L304H	0.998
L304K	0.973
L304P	0.991
L304Q	0.998
L304R	0.991
L304S	0.947
L304Y	0.991
L305A	0.739
L305C	0.996
L305E	0.953
L305F	0.168
L305G	0.953
L305H	0.996
L305K	0.909
L305P	0.984
L305Q	0.987
L305R	0.953
L305S	0.909
L305Y	0.909
L307A	0.004
L307C	0.01
L307E	0.019
L307F	0.689
L307G	0.207
L307H	0.01
L307K	0.054
L307P	0.002
L307Q	0.024
L307R	0.004
L307S	0.024
L307Y	0.689
L318A	0.018
L318C	0.023
L318E	0.225
L318F	0.805
L318G	0.368
L318H	0.94
L318K	0.05
L318P	0.004
L318Q	0.018
L318R	0.002
L318S	0.05
L318Y	0.926
L319A	1
L319C	1
L319E	1
L319F	0.924
L319G	1
L319H	1
L319K	1
L319P	1
L319Q	1
L319R	1
L319S	1
L319Y	1
L323A	1
L323C	1
L323E	1
L323F	0.992
L323G	1
L323H	1
L323K	1
L323P	1
L323Q	1
L323R	1
L323S	1
L323Y	1
L45A	1
L45C	1
L45E	1
L45F	1
L45G	1
L45H	1
L45K	1
L45P	1
L45Q	1
L45R	1
L45S	1
L45Y	1
L56A	1
L56C	1
L56E	1
L56F	1
L56G	1
L56H	1
L56K	1
L56P	1
L56Q	1
L56R	1
L56S	1
L56Y	1
L6A	1
L6C	1
L6E	1
L6F	0.925
L6G	1
L6H	1
L6K	1
L6P	1
L6Q	1
L6R	1
L6S	1
L6Y	0.999
L62A	0.001
L62C	0.003
L62E	0.008
L62F	0.001
L62G	0.008
L62H	0.234
L62K	0
L62P	0
L62Q	0.001
L62R	0
L62S	0
L62Y	0.001
L63A	0.082
L63C	0.955
L63E	0.453
L63F	0.037
L63G	0.29
L63H	0.082
L63K	0.29
L63P	0.859
L63Q	0.859
L63R	0.667
L63S	0.016
L63Y	0.497
L71A	0.996
L71C	1
L71E	1
L71F	0.998
L71G	0.999
L71H	1
L71K	0.999
L71P	1
L71Q	1
L71R	1
L71S	0.999
L71Y	1
L73A	1
L73C	1
L73E	1
L73F	0.966
L73G	1
L73H	0.999
L73K	1
L73P	1
L73Q	1
L73R	1
L73S	1
L73Y	0.999
L90A	0
L90C	0.895
L90E	0.012
L90F	0.693
L90G	0.137
L90H	0.022
L90K	0.01
L90P	0.693
L90Q	0.012
L90R	0.01
L90S	0.004
L90Y	0.693
M223A	0.001
M223C	0.909
M223E	0.001
M223F	0.279
M223G	0.008
M223H	0.483
M223K	0.001
M223L	0.001
M223P	0.144
M223Q	0.003
M223R	0.001
M223S	0.003
M223Y	0.54
M230A	0.007
M230C	0.653
M230E	0.008
M230F	0
M230G	0.015
M230H	0
M230K	0
M230L	0
M230P	0
M230Q	0
M230R	0
M230S	0.015
M230Y	0.035
M232A	0.001
M232C	0.006
M232E	0.037
M232F	0.157
M232G	0.071
M232H	0.801
M232K	0.071
M232L	0
M232P	0.535
M232Q	0.003
M232R	0.157
M232S	0.071
M232Y	0.274
M242A	0.014
M242C	0.801
M242E	0.535
M242F	0.071
M242G	0.135
M242H	0.801
M242K	0.135
M242L	0
M242P	0.535
M242Q	0.535
M242R	0.274
M242S	0.135
M242Y	0.274
M249A	1
M249C	1
M249E	1
M249F	1
M249G	1
M249H	1
M249K	1
M249L	0.999
M249P	1
M249Q	1
M249R	1
M249S	1
M249Y	1
M254A	0.585
M254C	0.973
M254E	0.973
M254F	0.628
M254G	0.912
M254H	0.993
M254K	0.912
M254L	0.001
M254P	0.973
M254Q	0.973
M254R	0.973
M254S	0.912
M254Y	0.973
M42A	0.983
M42C	1
M42E	0.998
M42F	0.995
M42G	0.998
M42H	1
M42K	0.998
M42L	0.858
M42P	0.998
M42Q	0.998
M42R	0.998
M42S	0.998
M42Y	0.998
M98A	0.967
M98C	1
M98E	0.995
M98F	0.995
M98G	0.995
M98H	1
M98K	0.995
M98L	0.724
M98P	0.998
M98Q	0.998
M98R	0.998
M98S	0.99
M98Y	0.998
N113A	0.151
N113C	0.988
N113E	0.002
N113F	0.955
N113G	0.265
N113H	0.955
N113K	0.151
N113L	0.453
N113P	0.859
N113Q	0.29
N113R	0.29
N113S	0.151
N113Y	0.955
N125A	0.999
N125C	1
N125E	1
N125F	1
N125G	0.999
N125H	1
N125K	1
N125L	1
N125P	1
N125Q	1
N125R	1
N125S	0.988
N125Y	1
N142A	0
N142C	0.569
N142E	0.003
N142F	0.569
N142G	0
N142H	0.016
N142K	0.001
N142L	0.037
N142P	0
N142Q	0.007
N142R	0.037
N142S	0.001
N142Y	0.569
N157A	0.022
N157C	0.012
N157E	0.628
N157F	0.002
N157G	0.628
N157H	0.05
N157K	0.774
N157L	0.012
N157P	0.005
N157Q	0.923
N157R	0.923
N157S	0.062
N157Y	0.107
N208A	0
N208C	0
N208E	0.008
N208F	0.018
N208G	0.007
N208H	0
N208K	0
N208L	0
N208P	0.181
N208Q	0.001
N208R	0
N208S	0.001
N208Y	0
N234A	0
N234C	0.778
N234E	0.062
N234F	0.247
N234G	0
N234H	0.005
N234K	0.003
N234L	0.003
N234P	0
N234Q	0.247
N234R	0
N234S	0.001
N234Y	0.247
N246A	0.999
N246C	1
N246E	1
N246F	1
N246G	0.999
N246H	1
N246K	1
N246L	1
N246P	1
N246Q	1
N246R	1
N246S	0.973
N246Y	1
N25A	1
N25C	1
N25E	1
N25F	1
N25G	1
N25H	1
N25K	1
N25L	1
N25P	1
N25Q	1
N25R	1
N25S	1
N25Y	1
N316A	0.054
N316C	0.932
N316E	0.054
N316F	0.008
N316G	0.054
N316H	0.004
N316K	0.116
N316L	0.116
N316P	0.002
N316Q	0.01
N316R	0.008
N316S	0.001
N316Y	0.388
N46A	0.793
N46C	0.998
N46E	0.885
N46F	0.982
N46G	0.041
N46H	0.023
N46K	0.793
N46L	0.982
N46P	0.994
N46Q	0.613
N46R	0.093
N46S	0.409
N46Y	0.964
N50A	1
N50C	1
N50E	1
N50F	1
N50G	1
N50H	1
N50K	1
N50L	1
N50P	1
N50Q	1
N50R	1
N50S	1
N50Y	1
P127A	1
P127C	1
P127E	1
P127F	1
P127G	1
P127H	1
P127K	1
P127L	1
P127Q	1
P127R	1
P127S	1
P127Y	1
P144A	0.235
P144C	0.996
P144E	0.773
P144F	0.96
P144G	0.773
P144H	0.413
P144K	0.631
P144L	0.044
P144Q	0.235
P144R	0.195
P144S	0.235
P144Y	0.96
P155A	0.009
P155C	0.993
P155E	0.022
P155F	0.855
P155G	0.022
P155H	0.923
P155K	0.458
P155L	0.022
P155Q	0.062
P155R	0.05
P155S	0.027
P155Y	0.973
P188A	1
P188C	1
P188E	1
P188F	1
P188G	1
P188H	1
P188K	1
P188L	1
P188Q	1
P188R	1
P188S	1
P188Y	1
P212A	0.18
P212C	0.999
P212E	0.772
P212F	0.999
P212G	0.983
P212H	0.999
P212K	0.966
P212L	0.891
P212Q	0.772
P212R	0.538
P212S	0.966
P212Y	0.997
P239A	0.885
P239C	0.998
P239E	0.994
P239F	0.014
P239G	0.994
P239H	0.998
P239K	0.994
P239L	0.093
P239Q	0.994
P239R	0.994
P239S	0.982
P239Y	0.964
P284A	1
P284C	1
P284E	1
P284F	1
P284G	1
P284H	1
P284K	1
P284L	1
P284Q	1
P284R	1
P284S	1
P284Y	1
P285A	0.759
P285C	1
P285E	0.998
P285F	1
P285G	0.996
P285H	1
P285K	0.998
P285L	0.996
P285Q	1
P285R	1
P285S	0.943
P285Y	1
P3A	0.017
P3C	0.996
P3E	0.755
P3F	0.985
P3G	0.56
P3H	0.985
P3K	0.755
P3L	0.755
P3Q	0.956
P3R	0.862
P3S	0.017
P3Y	0.985
P320A	0.623
P320C	1
P320E	0.623
P320F	1
P320G	0.995
P320H	1
P320K	0.791
P320L	0.989
P320Q	0.995
P320R	0.989
P320S	0.917
P320Y	1
P49A	1
P49C	1
P49E	1
P49F	1
P49G	1
P49H	1
P49K	1
P49L	1
P49Q	1
P49R	1
P49S	1
P49Y	1
P76A	0.973
P76C	1
P76E	1
P76F	1
P76G	0.999
P76H	1
P76K	1
P76L	0.999
P76Q	1
P76R	1
P76S	0.999
P76Y	1
Q117A	0.996
Q117C	1
Q117E	0.986
Q117F	0.999
Q117G	0.998
Q117H	0.999
Q117K	0.992
Q117L	0.972
Q117P	0.999
Q117R	0.736
Q117S	0.996
Q117Y	1
Q131A	0
Q131C	0.382
Q131E	0
Q131F	0.035
Q131G	0.001
Q131H	0.15
Q131K	0
Q131L	0.003
Q131P	0
Q131R	0.008
Q131S	0
Q131Y	0.068
Q153A	0.001
Q153C	0.801
Q153E	0.003
Q153F	0.085
Q153G	0.001
Q153H	0.002
Q153K	0.037
Q153L	0.001
Q153P	0.535
Q153R	0
Q153S	0.001
Q153Y	0.002
Q18A	1
Q18C	1
Q18E	0.998
Q18F	1
Q18G	1
Q18H	1
Q18K	1
Q18L	1
Q18P	0.941
Q18R	1
Q18S	1
Q18Y	1
Q180A	0.109
Q180C	0.98
Q180E	0.022
Q180F	0.808
Q180G	0.371
Q180H	0.927
Q180K	0.022
Q180L	0.228
Q180P	0.808
Q180R	0.001
Q180S	0.228
Q180Y	0.927
Q181A	0.032
Q181C	0.938
Q181E	0
Q181F	0.569
Q181G	0.071
Q181H	0
Q181K	0.001
Q181L	0.071
Q181P	0.535
Q181R	0
Q181S	0.007
Q181Y	0.157
Q209A	0.013
Q209C	0.966
Q209E	0.013
Q209F	0.548
Q209G	0
Q209H	0.03
Q209K	0.067
Q209L	0.001
Q209P	0.681
Q209R	0
Q209S	0.006
Q209Y	0.711
Q211A	0.001
Q211C	0.801
Q211E	0.001
Q211F	0.395
Q211G	0.071
Q211H	0.013
Q211K	0.003
Q211L	0.001
Q211P	0.274
Q211R	0.001
Q211S	0.001
Q211Y	0.569
Q227A	0.117
Q227C	0.996
Q227E	0.044
Q227F	0.857
Q227G	0.773
Q227H	0.195
Q227K	0.235
Q227L	0.044
Q227P	0.987
Q227R	0.044
Q227S	0.117
Q227Y	0.195
Q228A	0.006
Q228C	0.004
Q228E	0.585
Q228F	0.96
Q228G	0.004
Q228H	0.987
Q228K	0.006
Q228L	0.117
Q228P	0.955
Q228R	0.631
Q228S	0.117
Q228Y	0.987
Q231A	0.002
Q231C	0.963
Q231E	0.005
Q231F	0.527
Q231G	0.116
Q231H	0.005
Q231K	0.001
Q231L	0.001
Q231P	0.392
Q231R	0.01
Q231S	0.005
Q231Y	0.358
Q248A	0.999
Q248C	1
Q248E	0.966
Q248F	1
Q248G	1
Q248H	1
Q248K	0.999
Q248L	1
Q248P	1
Q248R	1
Q248S	0.999
Q248Y	1
Q26A	0.452
Q26C	0.032
Q26E	0.026
Q26F	0.977
Q26G	0.004
Q26H	0.026
Q26K	0.011
Q26L	0.666
Q26P	0.925
Q26R	0.011
Q26S	0.452
Q26Y	0.875
Q291A	0.998
Q291C	1
Q291E	0.994
Q291F	1
Q291G	0.999
Q291H	0.933
Q291K	0.998
Q291L	0.715
Q291P	0.999
Q291R	0.998
Q291S	0.998
Q291Y	0.998
Q298A	0
Q298C	0.15
Q298E	0
Q298F	0.014
Q298G	0
Q298H	0
Q298K	0
Q298L	0
Q298P	0.006
Q298R	0
Q298S	0
Q298Y	0.007
Q306A	0.001
Q306C	0.865
Q306E	0.001
Q306F	0.375
Q306G	0
Q306H	0.026
Q306K	0
Q306L	0.004
Q306P	0.375
Q306R	0.004
Q306S	0.002
Q306Y	0.375
Q309A	0
Q309C	0.531
Q309E	0
Q309F	0.137
Q309G	0
Q309H	0
Q309K	0.001
Q309L	0.001
Q309P	0.117
Q309R	0
Q309S	0.003
Q309Y	0.137
Q311A	0.001
Q311C	0.775
Q311E	0
Q311F	0.244
Q311G	0
Q311H	0
Q311K	0.006
Q311L	0.014
Q311P	0
Q311R	0.001
Q311S	0.001
Q311Y	0.137
Q317A	0.004
Q317C	0.932
Q317E	0.001
Q317F	0.388
Q317G	0.207
Q317H	0.932
Q317K	0.004
Q317L	0
Q317P	0.002
Q317R	0.004
Q317S	0.01
Q317Y	0.796
Q54A	1
Q54C	1
Q54E	0.999
Q54F	1
Q54G	1
Q54H	1
Q54K	1
Q54L	1
Q54P	1
Q54R	1
Q54S	1
Q54Y	1
Q55A	0.971
Q55C	0.999
Q55E	0.99
Q55F	0.983
Q55G	0.997
Q55H	0.999
Q55K	0.997
Q55L	0.021
Q55P	0.997
Q55R	0.997
Q55S	0.997
Q55Y	0.997
Q60A	0.001
Q60C	0.98
Q60E	0.022
Q60F	0.808
Q60G	0.196
Q60H	0.008
Q60K	0.003
Q60L	0.109
Q60P	0.545
Q60R	0.001
Q60S	0.01
Q60Y	0.674
Q78A	0.998
Q78C	1
Q78E	0.998
Q78F	1
Q78G	0.998
Q78H	1
Q78K	0.998
Q78L	0.879
Q78P	0.999
Q78R	0.999
Q78S	0.998
Q78Y	1
Q89A	0
Q89C	0.801
Q89E	0
Q89F	0.569
Q89G	0.071
Q89H	0.569
Q89K	0.007
Q89L	0.001
Q89P	0.535
Q89R	0
Q89S	0.007
Q89Y	0.801
R101A	0
R101C	0.778
R101E	0
R101F	0.535
R101G	0.001
R101H	0.002
R101K	0.003
R101L	0.062
R101P	0.002
R101Q	0.001
R101S	0.001
R101Y	0.139
R118A	0.971
R118C	0.999
R118E	0.942
R118F	0.983
R118G	0.991
R118H	0.738
R118K	0.596
R118L	0.538
R118P	0.997
R118Q	0.596
R118S	0.983
R118Y	0.983
R168A	0.01
R168C	0.98
R168E	0.018
R168F	0.808
R168G	0.002
R168H	0.04
R168K	0.001
R168L	0.228
R168P	0.808
R168Q	0.051
R168S	0.051
R168Y	0.674
R195A	0.538
R195C	0.999
R195E	0.772
R195F	0.999
R195G	0.214
R195H	0.999
R195K	0.18
R195L	0.983
R195P	0.997
R195Q	0.596
R195S	0.942
R195Y	0.997
R197A	1
R197C	1
R197E	1
R197F	1
R197G	1
R197H	1
R197K	1
R197L	1
R197P	1
R197Q	1
R197S	1
R197Y	1
R207A	0
R207C	0.653
R207E	0
R207F	0.08
R207G	0
R207H	0
R207K	0
R207L	0
R207P	0.068
R207Q	0
R207S	0
R207Y	0.042
R216A	0
R216C	0.15
R216E	0
R216F	0
R216G	0.003
R216H	0.15
R216K	0.003
R216L	0
R216P	0.031
R216Q	0.001
R216S	0
R216Y	0
R22A	1
R22C	1
R22E	1
R22F	1
R22G	1
R22H	1
R22K	1
R22L	1
R22P	1
R22Q	1
R22S	1
R22Y	1
R255A	0.936
R255C	0.834
R255E	0.995
R255F	1
R255G	0.99
R255H	1
R255K	0.983
R255L	0.995
R255P	0.998
R255Q	0.998
R255S	0.323
R255Y	1
R263A	0.006
R263C	0.996
R263E	0.044
R263F	0.987
R263G	0.585
R263H	0.987
R263K	0.117
R263L	0.773
R263P	0.011
R263Q	0.235
R263S	0.053
R263Y	0.987
R294A	0.001
R294C	0.833
R294E	0.037
R294F	0.569
R294G	0.001
R294H	0.013
R294K	0.001
R294L	0.007
R294P	0.001
R294Q	0.016
R294S	0.001
R294Y	0.395
R303A	0.137
R303C	0.963
R303E	0.137
R303F	0.527
R303G	0.241
R303H	0.01
R303K	0.001
R303L	0.004
R303P	0.693
R303Q	0.012
R303S	0.028
R303Y	0.527
R326A	1
R326C	1
R326E	1
R326F	1
R326G	1
R326H	1
R326K	1
R326L	1
R326P	1
R326Q	1
R326S	1
R326Y	1
R35A	0.999
R35C	1
R35E	0.999
R35F	1
R35G	1
R35H	1
R35K	0.966
R35L	1
R35P	1
R35Q	0.999
R35S	0.999
R35Y	1
R51A	0.98
R51C	0.999
R51E	0.98
R51F	0.997
R51G	0.98
R51H	0.36
R51K	0.352
R51L	0.98
R51P	0.997
R51Q	0.98
R51S	0.98
R51Y	0.995
R86A	0.585
R86C	0.996
R86E	0.773
R86F	0.857
R86G	0.874
R86H	0.044
R86K	0.053
R86L	0.773
R86P	0.987
R86Q	0.117
R86S	0.631
R86Y	0.044
S102A	0
S102C	0.801
S102E	0.037
S102F	0.395
S102G	0
S102H	0.001
S102K	0.071
S102L	0.001
S102P	0
S102Q	0.003
S102R	0.157
S102Y	0.395
S120A	0.016
S120C	0.938
S120E	0
S120F	0.569
S120G	0
S120H	0.801
S120K	0.007
S120L	0.085
S120P	0.274
S120Q	0.157
S120R	0.002
S120Y	0.801
S151A	0.009
S151C	0.993
S151E	0.022
S151F	0.973
S151G	0.005
S151H	0.973
S151K	0.458
S151L	0.628
S151P	0.001
S151Q	0.132
S151R	0.855
S151Y	0.973
S158A	0.018
S158C	0.023
S158E	0.228
S158F	0.109
S158G	0.371
S158H	0.018
S158K	0.018
S158L	0.228
S158P	0.927
S158Q	0.051
S158R	0.002
S158Y	0.109
S16A	0.999
S16C	1
S16E	1
S16F	1
S16G	1
S16H	1
S16K	1
S16L	1
S16P	0.941
S16Q	1
S16R	1
S16Y	1
S162A	0.016
S162C	0.988
S162E	0.016
S162F	0.776
S162G	0.151
S162H	0.875
S162K	0.29
S162L	0.006
S162P	0.003
S162Q	0.667
S162R	0.037
S162Y	0.955
S190A	0.004
S190C	0.013
S190E	0.004
S190F	0.358
S190G	0.001
S190H	0.022
S190K	0.137
S190L	0.137
S190P	0.693
S190Q	0.062
S190R	0.004
S190Y	0.062
S191A	0.715
S191C	1
S191E	0.998
S191F	1
S191G	0.996
S191H	1
S191K	0.998
S191L	0.996
S191P	0.999
S191Q	0.999
S191R	0.998
S191Y	1
S193A	0.52
S193C	1
S193E	0.998
S193F	1
S193G	0.988
S193H	1
S193K	0.998
S193L	0.996
S193P	0.999
S193Q	0.999
S193R	0.999
S193Y	1
S21A	0.999
S21C	1
S21E	1
S21F	1
S21G	1
S21H	1
S21K	0.999
S21L	1
S21P	1
S21Q	1
S21R	0.986
S21Y	1
S221A	0.772
S221C	0.999
S221E	0.942
S221F	0.999
S221G	0.214
S221H	0.999
S221K	0.983
S221L	0.991
S221P	0.997
S221Q	0.596
S221R	0.891
S221Y	0.999
S224A	0.715
S224C	0.765
S224E	0.996
S224F	1
S224G	0.996
S224H	1
S224K	0.998
S224L	0.996
S224P	0.998
S224Q	0.999
S224R	0.998
S224Y	1
S260A	0
S260C	0.349
S260E	0.001
S260F	0
S260G	0.003
S260H	0
S260K	0
S260L	0
S260P	0.04
S260Q	0
S260R	0
S260Y	0
S269A	0.843
S269C	1
S269E	1
S269F	1
S269G	0.999
S269H	1
S269K	1
S269L	0.999
S269P	1
S269Q	1
S269R	1
S269Y	1
S279A	0.999
S279C	1
S279E	1
S279F	1
S279G	1
S279H	1
S279K	1
S279L	1
S279P	1
S279Q	1
S279R	1
S279Y	1
S28A	0.001
S28C	0.909
S28E	0.001
S28F	0.483
S28G	0.04
S28H	0.909
S28K	0.008
S28L	0.003
S28P	0
S28Q	0.008
S28R	0.16
S28Y	0.74
S280A	0
S280C	0.693
S280E	0.116
S280F	0.693
S280G	0.062
S280H	0.873
S280K	0.116
S280L	0.004
S280P	0.392
S280Q	0.005
S280R	0.241
S280Y	0.873
S300A	0.03
S300C	0.397
S300E	0.991
S300F	0.997
S300G	0.106
S300H	0.999
S300K	0.991
S300L	0.942
S300P	0.997
S300Q	0.997
S300R	0.997
S300Y	0.997
S308A	0
S308C	0.708
S308E	0.066
S308F	0.254
S308G	0.001
S308H	0.881
S308K	0.013
S308L	0
S308P	0.002
S308Q	0.408
S308R	0.254
S308Y	0.881
S31A	0.313
S31C	1
S31E	0.998
S31F	1
S31G	0.988
S31H	1
S31K	0.998
S31L	0.996
S31P	0.999
S31Q	0.999
S31R	0.999
S31Y	1
S322A	0.03
S322C	0.965
S322E	0.001
S322F	0.708
S322G	0.123
S322H	0.881
S322K	0.006
S322L	0.066
S322P	0.408
S322Q	0.03
S322R	0.001
S322Y	0.881
S61A	0.009
S61C	0.983
S61E	0.715
S61F	0.715
S61G	0.022
S61H	0.983
S61K	0.715
S61L	0.005
S61P	0.012
S61Q	0.836
S61R	0.715
S61Y	0.939
S69A	0
S69C	0.693
S69E	0.241
S69F	0.693
S69G	0.062
S69H	0.873
S69K	0.241
S69L	0.005
S69P	0.392
S69Q	0.693
S69R	0.392
S69Y	0.873
S70A	0.417
S70C	0.983
S70E	0.022
S70F	0.939
S70G	0.263
S70H	0.836
S70K	0.417
S70L	0.836
S70P	0.939
S70Q	0.715
S70R	0.715
S70Y	0.939
S77A	0.52
S77C	1
S77E	0.998
S77F	1
S77G	0.988
S77H	1
S77K	0.998
S77L	0.996
S77P	0.999
S77Q	0.999
S77R	0.999
S77Y	1
S85A	0.41
S85C	0.993
S85E	0.458
S85F	0.923
S85G	0.05
S85H	0.107
S85K	0.062
S85L	0.05
S85P	0.973
S85Q	0.062
S85R	0.022
S85Y	0.923
S93A	0.027
S93C	0.993
S93E	0.027
S93F	0.973
S93G	0.022
S93H	0.05
S93K	0.258
S93L	0.628
S93P	0.973
S93Q	0.027
S93R	0.05
S93Y	0.855
S97A	0.001
S97C	0.986
S97E	0.905
S97F	0.951
S97G	0.576
S97H	0.996
S97K	0.905
S97L	0.576
S97P	0.951
S97Q	0.951
S97R	0.951
S97Y	0.996
T141A	0
T141C	0.653
T141E	0.007
T141F	0.15
T141G	0
T141H	0.653
T141K	0.003
T141L	0.003
T141P	0
T141Q	0
T141R	0
T141S	0
T141Y	0.349
T154A	0
T154C	0.95
T154E	0.417
T154F	0.012
T154G	0.263
T154H	0.983
T154K	0.417
T154L	0.263
T154P	0.836
T154Q	0.836
T154R	0.836
T154S	0.004
T154Y	0.556
T167A	0
T167C	0.005
T167E	0.417
T167F	0.836
T167G	0.129
T167H	0.983
T167K	0.417
T167L	0.263
T167P	0.836
T167Q	0.836
T167R	0.836
T167S	0.027
T167Y	0.939
T19A	0.999
T19C	1
T19E	1
T19F	1
T19G	0.941
T19H	1
T19K	1
T19L	1
T19P	1
T19Q	1
T19R	1
T19S	1
T19Y	1
T206A	0
T206C	0.382
T206E	0
T206F	0.018
T206G	0
T206H	0
T206K	0
T206L	0.003
T206P	0.068
T206Q	0
T206R	0
T206S	0
T206Y	0
T229A	0.021
T229C	0.997
T229E	0.964
T229F	0.93
T229G	0.027
T229H	0.997
T229K	0.964
T229L	0.105
T229P	0.964
T229Q	0.988
T229R	0.964
T229S	0.655
T229Y	0.988
T240A	0.109
T240C	0.98
T240E	0.008
T240F	0.808
T240G	0.004
T240H	0.941
T240K	0.228
T240L	0.371
T240P	0.808
T240Q	0.022
T240R	0.674
T240S	0.001
T240Y	0.927
T258A	0
T258C	0.382
T258E	0.007
T258F	0.15
T258G	0.003
T258H	0
T258K	0
T258L	0.008
T258P	0.068
T258Q	0.001
T258R	0
T258S	0
T258Y	0.035
T276A	0.988
T276C	1
T276E	1
T276F	1
T276G	0.999
T276H	1
T276K	1
T276L	0.999
T276P	1
T276Q	1
T276R	1
T276S	0.999
T276Y	1
T287A	0.999
T287C	1
T287E	1
T287F	1
T287G	0.999
T287H	1
T287K	1
T287L	1
T287P	1
T287Q	1
T287R	1
T287S	0.995
T287Y	1
T288A	1
T288C	1
T288E	1
T288F	1
T288G	1
T288H	1
T288K	1
T288L	1
T288P	1
T288Q	1
T288R	1
T288S	1
T288Y	1
T299A	0
T299C	0.001
T299E	0
T299F	0.247
T299G	0
T299H	0.002
T299K	0.001
T299L	0.006
T299P	0.119
T299Q	0.001
T299R	0
T299S	0
T299Y	0.139
T328A	0.861
T328C	1
T328E	0.968
T328F	0.998
T328G	0.968
T328H	1
T328K	0.991
T328L	0.984
T328P	0.998
T328Q	0.995
T328R	0.995
T328S	0.14
T328Y	0.998
T329A	0.74
T329C	0.999
T329E	0.98
T329F	0.995
T329G	0.98
T329H	0.999
T329K	0.98
T329L	0.96
T329P	0.997
T329Q	0.99
T329R	0.99
T329S	0.554
T329Y	0.997
T34A	1
T34C	1
T34E	1
T34F	1
T34G	1
T34H	1
T34K	1
T34L	1
T34P	1
T34Q	1
T34R	1
T34S	1
T34Y	1
T5A	1
T5C	1
T5E	1
T5F	1
T5G	1
T5H	1
T5K	1
T5L	1
T5P	1
T5Q	1
T5R	1
T5S	1
T5Y	1
T68A	0.999
T68C	1
T68E	0.999
T68F	1
T68G	0.999
T68H	1
T68K	0.999
T68L	1
T68P	1
T68Q	1
T68R	1
T68S	0.988
T68Y	1
V104A	0
V104C	0.002
V104E	0.002
V104F	0.005
V104G	0
V104H	0.711
V104K	0.125
V104L	0
V104P	0.412
V104Q	0.257
V104R	0.257
V104S	0.006
V104Y	0.005
V111A	0.739
V111C	0.996
V111E	0.984
V111F	0.909
V111G	0.984
V111H	0.996
V111K	0.953
V111L	0.004
V111P	0.984
V111Q	0.984
V111R	0.984
V111S	0.953
V111Y	0.984
V119A	1
V119C	1
V119E	1
V119F	1
V119G	1
V119H	1
V119K	1
V119L	0.995
V119P	1
V119Q	1
V119R	1
V119S	1
V119Y	1
V136A	0.61
V136C	0.997
V136E	0.988
V136F	0.93
V136G	0.988
V136H	0.997
V136K	0.988
V136L	0.002
V136P	0.988
V136Q	0.988
V136R	0.988
V136S	0.988
V136Y	0.988
V143A	0.41
V143C	0.993
V143E	0.628
V143F	0.855
V143G	0.774
V143H	0.993
V143K	0.022
V143L	0.001
V143P	0.973
V143Q	0.258
V143R	0.258
V143S	0.458
V143Y	0.973
V15A	1
V15C	1
V15E	1
V15F	1
V15G	1
V15H	1
V15K	1
V15L	0.995
V15P	1
V15Q	1
V15R	1
V15S	1
V15Y	1
V150A	0.715
V150C	1
V150E	0.998
V150F	1
V150G	0.996
V150H	1
V150K	0.998
V150L	0.976
V150P	0.999
V150Q	1
V150R	1
V150S	0.993
V150Y	1
V171A	0.281
V171C	1
V171E	0.995
V171F	0.995
V171G	0.99
V171H	1
V171K	0.995
V171L	0.936
V171P	0.998
V171Q	1
V171R	0.999
V171S	0.99
V171Y	1
V175A	0.022
V175C	0.993
V175E	0.923
V175F	0.458
V175G	0.628
V175H	0.107
V175K	0.923
V175L	0.001
V175P	0.973
V175Q	0.923
V175R	0.923
V175S	0.458
V175Y	0.022
V192A	0.201
V192C	0.998
V192E	0.983
V192F	0.983
V192G	0.966
V192H	0.998
V192K	0.983
V192L	0.422
V192P	0.994
V192Q	0.994
V192R	0.994
V192S	0.626
V192Y	0.994
V20A	1
V20C	1
V20E	1
V20F	1
V20G	1
V20H	1
V20K	1
V20L	0.966
V20P	1
V20Q	1
V20R	1
V20S	1
V20Y	1
V23A	1
V23C	1
V23E	1
V23F	1
V23G	1
V23H	1
V23K	1
V23L	0.999
V23P	1
V23Q	1
V23R	1
V23S	1
V23Y	1
V238A	0.007
V238C	0
V238E	0
V238F	0.035
V238G	0.007
V238H	0.001
V238K	0
V238L	0
V238P	0
V238Q	0
V238R	0
V238S	0.007
V238Y	0.068
V24A	0.585
V24C	0.973
V24E	0.912
V24F	0.628
V24G	0.912
V24H	0.993
V24K	0.774
V24L	0.001
V24P	0.973
V24Q	0.973
V24R	0.973
V24S	0.628
V24Y	0.973
V244A	0.996
V244C	1
V244E	1
V244F	0.999
V244G	0.999
V244H	1
V244K	0.999
V244L	0.972
V244P	1
V244Q	1
V244R	1
V244S	0.998
V244Y	1
V264A	0.731
V264C	0.996
V264E	0.905
V264F	0.905
V264G	0.043
V264H	0.996
V264K	0.905
V264L	0.319
V264P	0.098
V264Q	0.986
V264R	0.986
V264S	0.905
V264Y	0.986
V270A	0.996
V270C	1
V270E	0.999
V270F	0.996
V270G	0.999
V270H	1
V270K	0.998
V270L	0.334
V270P	1
V270Q	1
V270R	0.999
V270S	0.998
V270Y	0.999
V271A	0.228
V271C	0.983
V271E	0.836
V271F	0.715
V271G	0.836
V271H	0.983
V271K	0.836
V271L	0.022
V271P	0.939
V271Q	0.836
V271R	0.836
V271S	0.715
V271Y	0.836
V30A	1
V30C	1
V30E	1
V30F	1
V30G	1
V30H	1
V30K	1
V30L	0.999
V30P	1
V30Q	1
V30R	1
V30S	1
V30Y	1
V301A	0.999
V301C	1
V301E	1
V301F	1
V301G	1
V301H	1
V301K	1
V301L	0.934
V301P	1
V301Q	1
V301R	1
V301S	1
V301Y	1
V313A	0
V313C	0.531
V313E	0
V313F	0.137
V313G	0
V313H	0.002
V313K	0.014
V313L	0
V313P	0
V313Q	0.001
V313R	0.001
V313S	0
V313Y	0.137
V321A	0.102
V321C	0.998
V321E	0.98
V321F	0.993
V321G	0.874
V321H	0.998
V321K	0.961
V321L	0.874
V321P	0.103
V321Q	0.993
V321R	0.98
V321S	0.777
V321Y	0.993
V324A	0.902
V324C	0.999
V324E	0.985
V324F	0.97
V324G	0.985
V324H	0.999
V324K	0.985
V324L	0.656
V324P	0.995
V324Q	0.999
V324R	0.996
V324S	0.97
V324Y	0.995
V38A	1
V38C	1
V38E	1
V38F	1
V38G	1
V38H	1
V38K	1
V38L	0.995
V38P	1
V38Q	1
V38R	1
V38S	1
V38Y	1
V4A	0.389
V4C	0.999
V4E	0.991
V4F	0.991
V4G	0.983
V4H	0.999
V4K	0.991
V4L	0.891
V4P	0.997
V4Q	0.997
V4R	0.991
V4S	0.772
V4Y	0.997
V52A	0.004
V52C	0.973
V52E	0.823
V52F	0.823
V52G	0.002
V52H	0.991
V52K	0.823
V52L	0.017
V52P	0.022
V52Q	0.904
V52R	0.904
V52S	0.049
V52Y	0.966
V66A	0.585
V66C	0.973
V66E	0.973
V66F	0.05
V66G	0.912
V66H	0.993
V66K	0.912
V66L	0.001
V66P	0.973
V66Q	0.973
V66R	0.973
V66S	0.912
V66Y	0.855
V80A	0.003
V80C	0.973
V80E	0.774
V80F	0.923
V80G	0.258
V80H	0.993
V80K	0.774
V80L	0.258
V80P	0.923
V80Q	0.973
V80R	0.923
V80S	0.258
V80Y	0.973
V9A	1
V9C	1
V9E	1
V9F	1
V9G	1
V9H	1
V9K	1
V9L	0.999
V9P	1
V9Q	1
V9R	1
V9S	1
V9Y	1
V94A	0.675
V94C	1
V94E	0.995
V94F	0.99
V94G	0.99
V94H	1
V94K	0.995
V94L	0.281
V94P	0.998
V94Q	1
V94R	0.995
V94S	0.981
V94Y	0.998
V95A	0.112
V95C	0.998
V95E	0.982
V95F	0.964
V95G	0.885
V95H	0.998
V95K	0.982
V95L	0.01
V95P	0.994
V95Q	0.994
V95R	0.982
V95S	0.23
V95Y	0.994
V96A	0.032
V96C	0.801
V96E	0.535
V96F	0.003
V96G	0.274
V96H	0.801
V96K	0.274
V96L	0
V96P	0.801
V96Q	0.801
V96R	0.569
V96S	0.274
V96Y	0.157
V99A	0.129
V99C	0.997
V99E	0.964
V99F	0.93
V99G	0.93
V99H	0.997
V99K	0.964
V99L	0.002
V99P	0.027
V99Q	0.988
V99R	0.964
V99S	0.439
V99Y	0.988
W201A	1
W201C	1
W201E	1
W201F	1
W201G	1
W201H	1
W201K	1
W201L	1
W201P	1
W201Q	1
W201R	1
W201S	1
W201Y	1
W220A	1
W220C	1
W220E	1
W220F	1
W220G	1
W220H	1
W220K	1
W220L	1
W220P	1
W220Q	1
W220R	1
W220S	1
W220Y	1
Y12A	0
Y12C	0.801
Y12E	0.003
Y12F	0.157
Y12G	0.071
Y12H	0
Y12K	0.007
Y12L	0
Y12P	0.535
Y12Q	0.007
Y12R	0
Y12S	0.037
Y126A	0.001
Y126C	0.778
Y126E	0.119
Y126F	0
Y126G	0.119
Y126H	0.778
Y126K	0.119
Y126L	0
Y126P	0.499
Y126Q	0.499
Y126R	0.499
Y126S	0.028
Y17A	0.596
Y17C	0.999
Y17E	0.983
Y17F	0.997
Y17G	0.214
Y17H	0.738
Y17K	0.983
Y17L	0.971
Y17P	0.997
Y17Q	0.772
Y17R	0.983
Y17S	0.942
Y204A	0
Y204C	0.778
Y204E	0
Y204F	0.119
Y204G	0
Y204H	0.001
Y204K	0.006
Y204L	0.006
Y204P	0.119
Y204Q	0.003
Y204R	0.001
Y204S	0.001
Y273A	0.998
Y273C	1
Y273E	0.998
Y273F	0.096
Y273G	0.998
Y273H	0.933
Y273K	0.998
Y273L	0.993
Y273P	1
Y273Q	1
Y273R	1
Y273S	0.998
Y282A	0.943
Y282C	0.998
Y282E	0.994
Y282F	0.004
Y282G	0.994
Y282H	0.994
Y282K	0.994
Y282L	0.802
Y282P	0.994
Y282Q	0.994
Y282R	0.994
Y282S	0.994
Y47A	1
Y47C	1
Y47E	1
Y47F	0.986
Y47G	1
Y47H	1
Y47K	1
Y47L	0.999
Y47P	1
Y47Q	1
Y47R	1
Y47S	1
Y7A	0.585
Y7C	0.993
Y7E	0.003
Y7F	0.774
Y7G	0.41
Y7H	0.05
Y7K	0.027
Y7L	0.774
Y7P	0.912
Y7Q	0.628
Y7R	0.628
Y7S	0.41
